<?xml version="1.0" encoding="UTF-8"?>
<addon id="game.libretro.hatari" name="Atari - ST/STE/TT/Falcon (Hatari)" version="1.8.0.37.1" provider-name="Nicolas Pomarède">
  <requires>
    <import addon="game.libretro" version="1.0.0"/>
    <import addon="game.controller.atari.2600" version="1.0.0"/>
    <import addon="game.controller.keyboard" version="1.0.0"/>
    <import addon="game.controller.mouse" version="1.0.0"/>
  </requires>
  <extension point="kodi.gameclient" library_linux="game.libretro.hatari.so">
    <platforms>Atari ST</platforms>
    <extensions>ST|MSA|ZIP|STX|DIM|IPF|VHD|GEM|IDE|M3U</extensions>
    <supports_vfs>false</supports_vfs>
    <supports_standalone>false</supports_standalone>
    <requires_opengl>false</requires_opengl>
  </extension>
  <extension point="xbmc.addon.metadata">
    <license>GPLv2</license>
    <platform/>
    <source>https://github.com/kodi-game/game.libretro.hatari</source>
    <assets>
      <icon>resources/icon.png</icon>
    </assets>
    <summary lang="da_DK">Atari - ST/STE/TT/Falcon (Hatari)</summary>
    <summary lang="en_GB">Atari - ST/STE/TT/Falcon (Hatari)</summary>
    <summary lang="es_ES">Atari - ST/STE/TT/Falcon (Hatari)</summary>
    <summary lang="it_IT">Atari - ST/STE/TT/Falcon (Hatari)</summary>
    <summary lang="zh_CN">雅达利 - ST/STE/TT/Falcon (Hatari)</summary>
    <description lang="da_DK">Hatari er en Atari ST/STE/TT/Falcon-emulator.[CR][CR]Hatari forsøger at efterligne hardwaren så tæt som muligt for større kompatibilitet. På grund af dette kan den være langsommere end mindre præcise emulatorer.</description>
    <description lang="en_GB">Hatari is an Atari ST/STE/TT/Falcon emulator.[CR][CR]Hatari tries to emulate the hardware as close as possible for greater compatibility. Because of this, it may be slower than less accurate emulators.</description>
    <description lang="es_ES">Hatari es un emulador de Atari ST/STE/TT/Falcon[CR][CR]Hatari intenta emular el hardware lo más fielmente posible para una mayor compatibilidad. Por ello, puede ser más lento que otros emuladores menos precisos.</description>
    <description lang="it_IT">Hatari è un emulatore Atari ST/STE/TT/Falcon.[CR][CR]Hatari cerca di emulare l'hardware il più vicino possibile per una maggiore compatibilità. Per questo motivo, potrebbe essere più lento di emulatori meno accurati.</description>
    <description lang="zh_CN">Hatari 是雅达利 ST/STE/TT/Falcon 模拟器。[CR][CR]Hatari 试图尽可能地模拟硬件，以获得更好的兼容性。因此，它可能比精度较低的模拟器慢。</description>
  </extension>
</addon>
