<?xml version="1.0" encoding="UTF-8" standalone="yes"?>
<addon id="service.nextpvr"
       name="NextPVR Server"
       version="6.1.4~4"
       provider-name="Team CoreELEC">
  <requires>
    <import addon="xbmc.python" version="3.0.0"/>

    <import addon="tools.ffmpeg-tools" version="0.0.0" />
    <import addon="tools.dotnet-runtime" version="0.0.0" />
    <import addon="script.module.requests" version="0.0.0" />
  </requires>
  <extension point="xbmc.service" library="default.py">
    <provides></provides>
  </extension>
  <extension point="xbmc.python.library" library="addon.py">
    <provides></provides>
  </extension>
  <extension point="xbmc.addon.metadata">
    <summary>NextPVR Server</summary>
    <description>
NextPVR is a personal video recorder application. It allows to watch or record live TV, provides great features like series recordings and web scheduling.
    </description>
    <disclaimer>

    </disclaimer>
    <platform>all</platform>
    <news>
4
- download NextPVR 6.1.4

3
- download NextPVR 6.1.3

2
Fix nextpvr-downloader script

initial release
    </news>
    <assets>
      <icon>resources/icon.png</icon>
      <fanart>resources/fanart.png</fanart>

    </assets>
  </extension>
</addon>
