<?xml version="1.0" encoding="UTF-8"?>
<addon id="game.libretro.vbam" name="Nintendo - Game Boy Advance (VBA-M)" version="2.1.7.42.1" provider-name="Forgotten, VBA-M Team">
  <requires>
    <import addon="game.libretro" version="1.0.0"/>
    <import addon="game.controller.gba" version="1.0.0"/>
  </requires>
  <extension point="kodi.gameclient" library_linux="game.libretro.vbam.so">
    <platforms>GBA</platforms>
    <extensions>dmg|gb|gbc|cgb|sgb|gba</extensions>
    <supports_vfs>true</supports_vfs>
    <supports_standalone>false</supports_standalone>
    <requires_opengl>false</requires_opengl>
  </extension>
  <extension point="xbmc.addon.metadata">
    <license>GPLv2</license>
    <platform/>
    <source>https://github.com/kodi-game/game.libretro.vbam</source>
    <assets>
      <icon>resources/icon.png</icon>
      <screenshot>resources/screenshot-01.jpg</screenshot>
      <screenshot>resources/screenshot-02.jpg</screenshot>
      <screenshot>resources/screenshot-03.jpg</screenshot>
    </assets>
    <summary lang="da_DK">Nintendo - Game Boy Advance (VBA-M)</summary>
    <summary lang="en_GB">Nintendo - Game Boy Advance (VBA-M)</summary>
    <summary lang="es_ES">Nintendo - Game Boy Advance (VBA-M)</summary>
    <summary lang="zh_CN">任天堂 - Game Boy Advance (VBA-M)</summary>
    <description lang="da_DK">VBA-M er en Nintendo Game Boy og Game Boy Advance-emulator baseret på den officielle VisualBoyAdvance af Forgotten og VBA-udviklingsteamet.</description>
    <description lang="de_DE">VBA-M ist ein Emulator für Nintendo Game Boy und Game Boy Advance, der auf dem offiziellen VisualBoyAdvance von Forgotten und dem VBA-Entwicklerteam basiert.</description>
    <description lang="en_GB">VBA-M is a Nintendo Game Boy and Game Boy Advance emulator based on the official VisualBoyAdvance by Forgotten and the VBA development team.</description>
    <description lang="es_ES">VBA-M es un emulador de Nintendo Game Boy y Game Boy Advance basado en el VisualBoyAdvance oficial de Forgotten y el equipo de desarrollo de VBA.</description>
    <description lang="zh_CN">VBA-M 是任天堂 Game Boy 和 Game Boy Advance 仿真器，基于官方的 VisualBoyAdvance 和 VBA 开发团队。</description>
  </extension>
</addon>
