<?xml version="1.0" encoding="UTF-8" standalone="yes"?>
<addon id="service.aml-vnc"
       name="Amlogic VNC"
       version="21.0.3"
       provider-name="Team CoreELEC">
  <requires>
    <import addon="xbmc.python" version="3.0.0"/>

  </requires>
  <extension point="xbmc.service" library="default.py">
    <provides></provides>
  </extension>
  <extension point="xbmc.addon.metadata">
    <summary>Amlogic VNC server</summary>
    <description>
Amlogic VNC server is a Virtual Network Computing (VNC) server for Amlogic devices
    </description>
    <disclaimer>

    </disclaimer>
    <platform>all</platform>
    <news>
21.0.3
- fix resolution issue when used other than native

21.0.2
- add option to set desktop name (hostname by default)

21.0.1
- make IPv6 listen port consistent with IPv4 port

20.1.0
- fix password authentication when building with openssl &gt;=3.0.0

20.0.104
- update language strings file

103
- improvements

102
- libvncserver bump

101
- CoreELEC rebrand

100
- Initial release
    </news>
    <assets>
      <icon>resources/icon.png</icon>
      <fanart>resources/fanart.png</fanart>

    </assets>
  </extension>
</addon>
