<?xml version="1.0" encoding="UTF-8" standalone="yes"?>
<addon id="service.multimedia.mpd"
       name="Music Player Daemon (MPD)"
       version="21.0.0"
       provider-name="Team CoreELEC">
  <requires>
    <import addon="xbmc.python" version="3.0.0"/>

  </requires>
  <extension point="xbmc.service" library="default.py">
    <provides></provides>
  </extension>
  <extension point="xbmc.addon.metadata">
    <summary>Music Player Daemon (MPD): a free and open Music Player Server</summary>
    <description>
Music Player Daemon (0.23.14) is a flexible and powerful server-side application for playing music
    </description>
    <disclaimer>

    </disclaimer>
    <platform>all</platform>
    <news>
initial release
    </news>
    <assets>
      <icon>resources/icon.png</icon>
      <fanart>resources/fanart.png</fanart>

    </assets>
  </extension>
</addon>
