<?xml version="1.0" encoding="UTF-8"?>
<addon id="game.libretro.beetle-psx" name="Sony - PlayStation (Beetle PSX)" version="0.9.44.53.1" provider-name="Mednafen Team">
  <requires>
    <import addon="game.libretro" version="1.0.0"/>
    <import addon="game.controller.ps.gamepad" version="1.0.0"/>
    <import addon="game.controller.ps.dualshock" version="1.0.0"/>
    <import addon="game.controller.ps.dualanalog" version="1.0.0"/>
    <import addon="game.controller.ps.guncon.western" version="1.0.0"/>
    <import addon="game.controller.ps.guncon.japan" version="1.0.0"/>
    <import addon="game.controller.konami.justifier.ps" version="1.0.0"/>
    <import addon="game.controller.ps.mouse" version="1.0.0"/>
    <import addon="game.controller.ps.multitap" version="1.0.0"/>
  </requires>
  <extension point="kodi.gameclient" library_linux="game.libretro.beetle-psx.so">
    <platforms>PSX</platforms>
    <extensions>exe|cue|toc|ccd|m3u|pbp|chd</extensions>
    <supports_vfs>false</supports_vfs>
    <supports_standalone>false</supports_standalone>
    <requires_opengl>false</requires_opengl>
  </extension>
  <extension point="xbmc.addon.metadata">
    <license>GPLv2</license>
    <platform/>
    <source>https://github.com/kodi-game/game.libretro.beetle-psx</source>
    <assets>
      <icon>resources/icon.png</icon>
    </assets>
    <summary lang="da_DK">Sony - PlayStation (Beetle PSX)</summary>
    <summary lang="en_GB">Sony - PlayStation (Beetle PSX)</summary>
    <summary lang="es_ES">Sony - PlayStation (Beetle PSX)</summary>
    <summary lang="zh_CN">Sony - PlayStation (Beetle PSX)</summary>
    <description lang="da_DK">Beetle PSX er PlayStation-modulet i Beetle, en port af Mednafen.</description>
    <description lang="de_DE">Beetle PSX ist das PlayStation-Modul von Beetle, einer Portierung von Madnafen.</description>
    <description lang="en_GB">Beetle PSX is the PlayStation module of Beetle, a port of Madnafen.</description>
    <description lang="es_ES">Beetle PSX es el módulo para PlayStation de Beetle, una adaptación de Mednafen.</description>
    <description lang="fi_FI">Beetle PSX on Mednafenin Beetlestä kehittämän PlayStation-moduulin käännösversio.</description>
    <description lang="ru_RU">Beetle PSX — это модуль Playstation для Kodi | Форк PSX модуля Beetle для эмулятора Mednafen.</description>
    <description lang="zh_CN">Beetle PSX 是 PlayStation 的 Beetle 模块，是 Madnafen 的移植。</description>
  </extension>
</addon>
