<?xml version="1.0" encoding="UTF-8" standalone="yes"?>
<addon id="service.emby4"
       name="Emby Server 4"
       version="20.5.0"
       provider-name="Anton Voyl (awiouy)">
  <requires>
    <import addon="xbmc.python" version="3.0.0"/>

    <import addon="tools.ffmpeg-tools" version="0.0.0" />
    <import addon="tools.dotnet-runtime" version="0.0.0" />
  </requires>
  <extension point="xbmc.service" library="default.py">
    <provides></provides>
  </extension>
  <extension point="xbmc.addon.metadata">
    <summary>Emby Server: a personal media server</summary>
    <description>
Emby Server brings your home videos, music, and photos together, automatically converting and streaming your media on-the-fly to any device.
    </description>
    <disclaimer>

    </disclaimer>
    <platform>all</platform>
    <news>
initial release
    </news>
    <assets>
      <icon>resources/icon.png</icon>
      <fanart>resources/fanart.png</fanart>

    </assets>
  </extension>
</addon>
