<?xml version="1.0" encoding="UTF-8"?>
<addon id="visualization.goom" version="20.1.1.5" name="Goom" provider-name="Team Kodi">
  <requires>
    <import addon="kodi.binary.global.main" minversion="2.0.0" version="2.0.2"/>
    <import addon="kodi.binary.global.general" minversion="1.0.4" version="1.0.5"/>
    <import addon="kodi.binary.global.gui" minversion="5.15.0" version="5.15.0"/>
    <import addon="kodi.binary.global.filesystem" minversion="1.1.7" version="1.1.8"/>
    <import addon="kodi.binary.instance.visualization" minversion="4.0.0" version="4.0.0"/>
  </requires>
  <extension point="xbmc.player.musicviz" library_linux="visualization.goom.so.20.1.1"/>
  <extension point="xbmc.addon.metadata">
    <platform/>
    <license>GPL-2.0-or-later</license>
    <source>https://github.com/xbmc/visualization.goom</source>
    <assets>
      <icon>resources/icon.png</icon>
      <fanart>resources/fanart.png</fanart>
      <screenshot>resources/screenshot-01.jpg</screenshot>
      <screenshot>resources/screenshot-02.jpg</screenshot>
      <screenshot>resources/screenshot-03.jpg</screenshot>
      <screenshot>resources/screenshot-04.jpg</screenshot>
      <screenshot>resources/screenshot-05.jpg</screenshot>
    </assets>
    <summary lang="da_DK">Goom 2k4 Visualisering</summary>
    <summary lang="de_DE">Goom 2k4-Visualisierung</summary>
    <summary lang="en_GB">Goom 2k4 Visualization</summary>
    <summary lang="es_ES">Visualización Goom 2k4</summary>
    <summary lang="fi_FI">Goom 2k4 -visualisointi</summary>
    <summary lang="fr_FR">Visualisation Goom 2k4</summary>
    <summary lang="it_IT">Visualizzazione Goom 2k4</summary>
    <summary lang="ru_RU">Визуализация Goom 2k4</summary>
    <summary lang="zh_CN">Goom 2k4可视化程序</summary>
    <description lang="da_DK">Goom 2k4-visualiseringen understøtter effekter som tentakler, flash, stjerner, fyrværkeri, bølger, sløring og glød og indeholder et stort antal vilde hypnotiske effekter, der danser, hvirvler og popper med musikken.</description>
    <description lang="de_DE">Die Goom 2k4-Visualisierung unterstützt Effekte wie Tentakel, Blitz, Sterne, Feuerwerk, Wellen, Unschärfen und Glühen und enthält eine große Anzahl abgefahrener hypnotischer Effekte, die mit der Musik tanzen, wirbeln und knallen.</description>
    <description lang="en_GB">The Goom 2k4 visualization supports effects like Tentacles, Flash, Stars, Fireworks, Waves, Blurs and Glows and includes a large number of trippy hypnotic effects that dance, swirl and pop with the music,</description>
    <description lang="es_ES">La visualización Goom 2k4 soporta efectos como Tentáculos, Flash, Estrellas, Fuegos artificiales, Ondas, Borrones y Brillos e incluye un gran número de efectos hipnóticos de danza, remolino y estallido con la música,</description>
    <description lang="fi_FI">Goom 2k4 -visualisointi tukee tehosteita, kuten lonkerot, salama, tähdet, ilotulitus, aallot, sumennukset ja hehkut. Lisäksi se tarjoaa reilusti hypnoottisia tehosteita, jotka tanssivat, pyörivät ja poksahtelevat musiikin tahtiin.</description>
    <description lang="fr_FR">La visualisation Goom 2k4 prend en charge des effets tels que les tentacules, le flash, les étoiles, les feux d'artifice, les vagues, les flous et les lueurs et comprend un grand nombre d'effets hypnotiques trippants qui dansent, tourbillonnent et éclatent avec la musique.</description>
    <description lang="it_IT">La visualizzazione di Goom 2k4 supporta effetti come tentacoli, flash, stelle, fuochi d'artificio, onde, sfocature e bagliori e include un gran numero di effetti ipnotici inquietanti che danzano, vorticano e scoppiano con la musica,</description>
    <description lang="ru_RU">Goom 2k4 визуализация поддерживает следующие эффекты: щупальцы, вспышка, звёзды, фейерверки, волны, размытия и свечения, а также огромное число эмитирующих галлюцинации эффектов, вальсирующих, закручивающихся и прыгающих в такт музыке,</description>
    <description lang="zh_CN">Goom 2k4 可视化支持像触须、闪光、星星、烟花、波浪、模糊和发光这样的效果，并包括大量随着音乐跳舞、旋转和流行的迷幻催眠效果，</description>
  </extension>
</addon>
