<?xml version="1.0" encoding="UTF-8"?>
<addon id="imagedecoder.mpo" version="20.1.0.6" name="MPO image decoder" provider-name="spiff">
  <requires>
    <import addon="kodi.binary.global.main" minversion="2.0.0" version="2.0.2"/>
    <import addon="kodi.binary.global.filesystem" minversion="1.1.7" version="1.1.8"/>
    <import addon="kodi.binary.instance.imagedecoder" minversion="3.0.0" version="3.0.1"/>
  </requires>
  <extension point="kodi.imagedecoder" library_linux="imagedecoder.mpo.so.20.1.0">
    <support>
      <mimetype name="image/mpo">
        <extension>.mpo</extension>
        <description>30100</description>
      </mimetype>
    </support>
  </extension>
  <extension point="xbmc.addon.metadata">
    <platform/>
    <license>GPL-2.0-or-later</license>
    <source>https://github.com/xbmc/imagedecoder.mpo</source>
    <assets>
      <icon>resources/icon.png</icon>
    </assets>
    <summary lang="da_DK">Multi Picture Object (MPO) billedafkoder</summary>
    <summary lang="de_DE">Multi Picture Object (MPO) Bilddekodierer</summary>
    <summary lang="en_GB">Multi Picture Object (MPO) image decoder</summary>
    <summary lang="ko_KR">Multi Picture Object (MPO) 이미지 디코더</summary>
    <summary lang="pl_PL">Dekoder obrazu Multi Picture Object (MPO)</summary>
    <summary lang="ru_RU">Декодер изображений Multi Picture Object (MPO)</summary>
    <summary lang="zh_CN">多图片对象（MPO）图像解码器</summary>
    <description lang="da_DK">Et add-on til at afkode MPO (multiple picture object) filer. Disse bruges hovedsageligt til 3D-kameraer og Nintendo 3DS.</description>
    <description lang="de_DE">Ein Addon zum Dekodieren von MPO-Dateien (Multiple Picture Object). Diese werden hauptsächlich für 3D-Kameras und den Nintendo 3DS verwendet.</description>
    <description lang="en_GB">An addon to decode MPO (multiple picture object) files. These are used mainly for 3D cameras and the Nintendo 3DS.</description>
    <description lang="ko_KR">MPO(multiple picture object) 파일을 디코딩하는 애드온입니다. 주로 3D 카메라와 Nintendo 3DS에 사용됩니다.</description>
    <description lang="pl_PL">Dodatek do dekodowania plików MPO (Multi Picture Object). Są one używane głównie w aparatach 3D i Nintendo 3DS.</description>
    <description lang="ru_RU">Дополнение для декодирования файлов MPO (multiple picture object). Они используются в основном для 3D-камер и Nintendo 3DS.</description>
    <description lang="zh_CN">用于解码 MPO（Multi Picture Object 多图片对象）文件的插件。主要用于3D相机和任天堂3DS。</description>
  </extension>
</addon>
