<?xml version="1.0" encoding="UTF-8"?>
<addon id="game.libretro.mame2000" name="Arcade (MAME 2000)" version="0.37.0.29.1" provider-name="MAMEdev">
  <requires>
    <import addon="game.libretro" version="1.0.0"/>
  </requires>
  <extension point="kodi.gameclient" library_linux="game.libretro.mame2000.so">
    <platforms/>
    <extensions>zip|ZIP</extensions>
    <supports_vfs>false</supports_vfs>
    <supports_standalone>false</supports_standalone>
    <requires_opengl>false</requires_opengl>
  </extension>
  <extension point="xbmc.addon.metadata">
    <license>MAME</license>
    <platform/>
    <source>https://github.com/kodi-game/game.libretro.mame2000</source>
    <assets>
      <icon>resources/icon.png</icon>
    </assets>
    <summary lang="en_GB">Arcade (MAME 2000)</summary>
    <description lang="da_DK">2000 version af MAME (0.37b5) til libretro. Kompatibel med iMAME4All/MAME4Droid/MAME 0.37b5 sæt.</description>
    <description lang="de_DE">2000er Version von MAME (0.37b5) für libretro. Kompatibel mit Sets von iMAME4All/MAME4Droid/MAME 0.37b5.</description>
    <description lang="en_GB">2000 version of MAME (0.37b5) for libretro. Compatible with iMAME4All/MAME4Droid/MAME 0.37b5 sets.</description>
    <description lang="es_ES">Versión 2000 de MAME (0.37b5) para libretro. Compatible con los juegos de iMAME4All/MAME4Droid/MAME 0.37b5.</description>
    <description lang="it_IT">Versione 2000 di MAME (0.37b5) per libretro. Compatibile con i set iMAME4All/MAME4Droid/MAME 0.37b5.</description>
    <description lang="zh_CN">用于 libretro 的 2000 版本的 MAME（0.37b5）。与 iMAME4All/MAME4Droid/MAME 0.37b5 集兼容。</description>
  </extension>
</addon>
