<?xml version="1.0" encoding="UTF-8"?>
<addon id="audiodecoder.asap" version="20.3.0.5" name="ASAP Audio Decoder" provider-name="spiff">
  <requires>
    <import addon="kodi.binary.global.main" minversion="2.0.0" version="2.0.2"/>
    <import addon="kodi.binary.global.filesystem" minversion="1.1.7" version="1.1.8"/>
    <import addon="kodi.binary.instance.audiodecoder" minversion="4.0.0" version="4.0.0"/>
  </requires>
  <extension point="kodi.audiodecoder" name="asap" tags="true" tracks="true" library_linux="audiodecoder.asap.so.20.3.0">
    <support>
      <extension name=".sap">
        <description>30100</description>
      </extension>
      <extension name=".cmc">
        <description>30101</description>
      </extension>
      <extension name=".cmr">
        <description>30102</description>
      </extension>
      <extension name=".dmc">
        <description>30103</description>
      </extension>
      <extension name=".mpt">
        <description>30104</description>
      </extension>
      <extension name=".mpd">
        <description>30105</description>
      </extension>
      <extension name=".rmt">
        <description>30106</description>
      </extension>
      <extension name=".tmc">
        <description>30107</description>
      </extension>
      <extension name=".tm8">
        <description>30108</description>
      </extension>
      <extension name=".tm2">
        <description>30109</description>
      </extension>
      <extension name=".cms">
        <description>30110</description>
      </extension>
      <extension name=".cm3">
        <description>30111</description>
      </extension>
      <extension name=".dlt">
        <description>30112</description>
      </extension>
    </support>
  </extension>
  <extension point="xbmc.addon.metadata">
    <platform/>
    <license>GPL-2.0-or-later</license>
    <source>https://github.com/xbmc/audiodecoder.asap</source>
    <assets>
      <icon>resources/icon.png</icon>
    </assets>
    <summary lang="da_DK">ASAP - Another Slight Atari Player</summary>
    <summary lang="de_DE">ASAP - Another Slight Atari Player</summary>
    <summary lang="en_GB">ASAP - Another Slight Atari Player</summary>
    <summary lang="es_ES">ASAP - Otro Reproductor Ligero de Atari</summary>
    <summary lang="fi_FI">ASAP - Another Slight Atari Player</summary>
    <summary lang="hr_HR">ASAP - Another Slight Atari Player</summary>
    <summary lang="ko_KR">ASAP - Another Slight Atari Player</summary>
    <summary lang="pl_PL">ASAP - Another Slight Atari Player</summary>
    <summary lang="ru_RU">ASAP - Another Slight Atari Player</summary>
    <summary lang="sk_SK">ASAP (Another Slight Atari Player)</summary>
    <summary lang="zh_CN">ASAP - 另一个轻量级雅达利播放器</summary>
    <description lang="da_DK">ASAP (Another Slight Atari Player) afspiller i Kodi og konverterer 8-bit Atari-musik ( *.sap, *.cmc, *.mpt, *.rmt, *.tmc, ...) på moderne computere og mobile enheder.</description>
    <description lang="de_DE">ASAP (Another Slight Atari Player) konvertiert 8-Bit-Atari-Musik (*.sap, *.cmc, *.mpt, *.rmt, *.tmc, ...) zum nötigen Format und zur Wiedergabe in Kodi auf modernen Computern und Mobilgeräten.</description>
    <description lang="en_GB">ASAP (Another Slight Atari Player) plays on Kodi and converts 8-bit Atari music (*.sap, *.cmc, *.mpt, *.rmt, *.tmc, ...) on modern computers and mobile devices.</description>
    <description lang="es_ES">ASAP (Another Slight Atari Player - Otro Reproductor Ligero de Atari) reproduce en Kodi y convierte musica de Atari de 8-bits (extensiones sap, cmc, mpt, rmt, tmc, ...) en ordenadores modernos y dispositivos móviles.</description>
    <description lang="fi_FI">ASAP (Another Slight Atari Player) toistaa ja muuntaa Kodissa 8-bittisiä Atari-musiikkitiedostoja (*.sap, *.cmc, *.mpt, *.rmt, *.tmc, ...) nykyaikaisilla tietokoneilla ja mobillilaitteilla.</description>
    <description lang="hr_HR">ASAP (Another Slight Atari Player) se izvodi na Kodiju i pretvara 8-bitnu Atari glazbu (*.sap, *.cmc, *.mpt, *.rmt, *.tmc, ...) na modernim računalima i mobilnim uređajima.</description>
    <description lang="ko_KR">ASAP(Another Slight Atari Player)는 Kodi에서 재생되며 최신 컴퓨터 및 모바일 장치에서 8비트 Atari 음악(*.sap, *.cmc, *.mpt, *.rmt, *.tmc, ...)을 변환합니다.</description>
    <description lang="pl_PL">ASAP (Another Slight Atari Player) odtwarza na Kodi i konwertuje 8-bitową muzykę Atari (*.sap, *.cmc, *.mpt, *.rmt, *.tmc, ...) na nowoczesnych komputerach i urządzeniach mobilnych.</description>
    <description lang="ru_RU">ASAP (Another Slight Atari Player) воспроизводит в Kodi и конвертирует 8-битную музыку Atari (*.sap, *.cmc, *.mpt, *.rmt, *.tmc, ...) на современных компьютерах и мобильных устройствах.</description>
    <description lang="sk_SK">ASAP (Another Slight Atari Player) prehráva a konvertuje na Kodi 8-bitovú hudbu Atari (*.sap, *.cmc, *.mpt, *.rmt, *.tmc, ...) na moderných počítačoch a mobilných zariadeniach.</description>
    <description lang="zh_CN">ASAP（Another Slight Atari Player，另一个轻量级雅达利播放器）在 Kodi 上播放，并在现代计算机和移动设备上转换8位雅达利音乐（*.sap、*.cmc、*.mpt、*.rmt、*.tmc等）。</description>
  </extension>
</addon>
