<?xml version="1.0" encoding="UTF-8" standalone="yes"?>
<addon id="service.librespot"
       name="Librespot"
       version="20.4.4"
       provider-name="Anton Voyl (awiouy)">
  <requires>
    <import addon="xbmc.python" version="3.0.0"/>

  </requires>
  <extension point="xbmc.service" library="default.py">
    <provides></provides>
  </extension>
  <extension point="xbmc.addon.metadata">
    <summary>Librespot: play Spotify through Kodi using a Spotify app as a remote</summary>
    <description>
Librespot (2023-12-06) lets you play Spotify through Kodi using a Spotify app as a remote.
    </description>
    <disclaimer>

    </disclaimer>
    <platform>all</platform>
    <news>
1
- update librespot to githash 03b547d (2023-04-16)
2
- update librespot to githash c964102 (2023-05-14)
3
- update librespot to githash f037e46 (2023-07-19)
4
- update librespot to githash 886617e (2023-12-06)
    </news>
    <assets>
      <icon>resources/icon.png</icon>
      <fanart>resources/fanart.png</fanart>

    </assets>
  </extension>
</addon>
