<?xml version="1.0" encoding="UTF-8"?>
<addon id="game.libretro.prboom" name="Doom (PrBoom)" version="2.5.0.46.1" provider-name="Florian Schulze">
  <requires>
    <import addon="game.libretro" version="1.0.0"/>
    <import addon="game.controller.default" version="1.0.0"/>
    <import addon="game.controller.keyboard" version="1.0.0"/>
    <import addon="game.controller.mouse" version="1.0.0"/>
  </requires>
  <extension point="kodi.gameclient" library_linux="game.libretro.prboom.so">
    <platforms/>
    <extensions>wad|iwad|pwad|lmp</extensions>
    <supports_vfs>false</supports_vfs>
    <supports_standalone>false</supports_standalone>
    <requires_opengl>false</requires_opengl>
  </extension>
  <extension point="xbmc.addon.metadata">
    <license>GPLv2</license>
    <platform/>
    <source>https://github.com/kodi-game/game.libretro.prboom</source>
    <assets>
      <icon>resources/icon.png</icon>
      <screenshot>resources/screenshot-01.jpg</screenshot>
      <screenshot>resources/screenshot-02.jpg</screenshot>
      <screenshot>resources/screenshot-03.jpg</screenshot>
    </assets>
    <summary lang="da_DK">Doom (PrBoom)</summary>
    <summary lang="en_GB">Doom (PrBoom)</summary>
    <summary lang="es_ES">Doom (PrBoom)</summary>
    <summary lang="zh_CN">毁灭战士（PrBoom）</summary>
    <description lang="da_DK">PrBoom, forkortelse for "Professor Boom", er en version af det klassiske 3D shoot'em'up-spil Doom, oprindeligt skrevet af id Software.[CR][CR]Se dokumentationen for en liste over nødvendige filer.</description>
    <description lang="de_DE">PrBoom, Kurzform für „Professor Boom“, ist eine Version des klassischen 3D-Shoot'em'up-Spiels Doom, das ursprünglich von id Software entwickelt wurde[CR][CR]In der Dokumentation findet sich eine Liste der benötigten Dateien.</description>
    <description lang="en_GB">PrBoom, short for "Professor Boom", is a version of the classic 3D shoot'em'up game Doom, originally written by id Software.[CR][CR]See the documentation for a list of required files.</description>
    <description lang="es_ES">PrBoom, abreviatura de "Professor Boom", es una versión del clásico juego de disparos en 3D Doom, escrito originalmente por id Software.[CR][CR]Consulta la documentación para ver la lista de archivos necesarios.</description>
    <description lang="zh_CN">PrBoom，是“Professor Boom”的缩写，是最初由 id Software 开发的经典 3D 射击游戏 Doom 的一个版本。[CR][CR]有关所需文件的列表，请参阅文档。</description>
  </extension>
</addon>
