<?xml version="1.0" encoding="UTF-8"?>
<addon id="game.libretro.mgba" name="Nintendo - Game Boy Advance (mGBA)" version="0.11.0.41.1" provider-name="endrift">
  <requires>
    <import addon="game.libretro" version="1.0.0"/>
    <import addon="game.controller.gba" version="1.0.0"/>
  </requires>
  <extension point="kodi.gameclient" library_linux="game.libretro.mgba.so">
    <platforms>GBA</platforms>
    <extensions>gba|gb|gbc|sgb</extensions>
    <supports_vfs>true</supports_vfs>
    <supports_standalone>false</supports_standalone>
    <requires_opengl>false</requires_opengl>
  </extension>
  <extension point="xbmc.addon.metadata">
    <license>MPLv2.0</license>
    <platform/>
    <source>https://github.com/kodi-game/game.libretro.mgba</source>
    <assets>
      <icon>resources/icon.png</icon>
      <screenshot>resources/screenshot-01.jpg</screenshot>
      <screenshot>resources/screenshot-02.jpg</screenshot>
      <screenshot>resources/screenshot-03.jpg</screenshot>
    </assets>
    <summary lang="en_GB">Nintendo - Game Boy Advance (mGBA)</summary>
    <description lang="da_DK">mGBA sigter mod at være hurtigere og mere præcis end mange eksisterende Game Boy Advance-emulatorer, samt tilføje funktioner, som andre emulatorer mangler.</description>
    <description lang="de_DE">mGBA soll schneller und genauer sein als viele bestehende „Game Boy Advance“-Emulatoren und bietet darüber hinaus Funktionen, die anderen Emulatoren fehlen.</description>
    <description lang="en_GB">mGBA aims to be faster and more accurate than many existing Game Boy Advance emulators, as well as adding features that other emulators lack.</description>
    <description lang="es_ES">mGBA pretende ser más rápido y preciso que muchos de los emuladores de Game Boy Advance existentes, además de añadir funciones de las que carecen otros emuladores.</description>
    <description lang="es_MX">mGBA intenta ser más rápido y más preciso que muchos otros emuladores de Game Boy existentes, además de añadir características que otros emuladores no tienen.</description>
    <description lang="zh_CN">mGBA 的目标是比许多现有的 Game Boy Advance 模拟器更快、更准确，并添加其他模拟器缺乏的功能。</description>
  </extension>
</addon>
