<?xml version="1.0" encoding="UTF-8"?>
<addon id="game.libretro.cannonball" name="Cannonball" version="0.0.1.30.1" provider-name="Chris White">
  <requires>
    <import addon="game.libretro" version="1.0.0"/>
  </requires>
  <extension point="kodi.gameclient" library_linux="game.libretro.cannonball.so">
    <platforms/>
    <extensions>game</extensions>
    <supports_vfs>false</supports_vfs>
    <supports_standalone>true</supports_standalone>
    <requires_opengl>false</requires_opengl>
  </extension>
  <extension point="xbmc.addon.metadata">
    <license>Non-commercial</license>
    <platform/>
    <source>https://github.com/kodi-game/game.libretro.cannonball</source>
    <assets>
      <icon>resources/icon.png</icon>
      <fanart>resources/fanart.jpg</fanart>
    </assets>
    <summary lang="da_DK">Cannonball</summary>
    <summary lang="en_GB">Cannonball</summary>
    <summary lang="es_ES">Cannonball</summary>
    <summary lang="zh_CN">加农炮</summary>
    <description lang="da_DK">Cannonball er en forbedret version af den banebrydende arkaderacer OutRun designet af Yu Suzuki.</description>
    <description lang="de_DE">Cannonball ist eine verbesserte Version des Arcade-Autorennens OutRun, das von Yu Suzuki entwickelt wurde.</description>
    <description lang="en_GB">Cannonball is an enhanced version of the seminal arcade racer OutRun designed by Yu Suzuki.</description>
    <description lang="es_ES">Cannonball es una versión mejorada del famoso arcade de carreras OutRun, diseñado por Yu Suzuki.</description>
    <description lang="zh_CN">《加农炮》（Cannonball）是克里斯·怀特（Chris White）在2014年创作的 OutRun 游戏引擎的娱乐作品。</description>
  </extension>
</addon>
