<?xml version="1.0" encoding="UTF-8" standalone="yes"?>
<addon id="service.rsyslog"
       name="Rsyslog"
       version="21.0.0"
       provider-name="Team CoreELEC">
  <requires>
    <import addon="xbmc.python" version="3.0.0"/>

  </requires>
  <extension point="xbmc.service" library="default.py">
    <provides></provides>
  </extension>
  <extension point="xbmc.addon.metadata">
    <summary>Rsyslog: a rocket-fast system for log processing.</summary>
    <description>
Rsyslog (8.2304.0) offers high-performance, great security features and a modular design.
    </description>
    <disclaimer>

    </disclaimer>
    <platform>all</platform>
    <news>
initial release
    </news>
    <assets>
      <icon>resources/icon.png</icon>
      <fanart>resources/fanart.png</fanart>

    </assets>
  </extension>
</addon>
