<?xml version="1.0" encoding="UTF-8"?>
<addon id="game.libretro.gw" name="Handheld Electronic (GW)" version="1.6.3.26.1" provider-name="Andre Leiradella">
  <requires>
    <import addon="game.libretro" version="1.0.0"/>
  </requires>
  <extension point="kodi.gameclient" library_linux="game.libretro.gw.so">
    <platforms/>
    <extensions>mgw</extensions>
    <supports_vfs>true</supports_vfs>
    <supports_standalone>false</supports_standalone>
    <requires_opengl>false</requires_opengl>
  </extension>
  <extension point="xbmc.addon.metadata">
    <license>zlib</license>
    <platform/>
    <source>https://github.com/kodi-game/game.libretro.gw</source>
    <assets>
      <icon>resources/icon.png</icon>
      <screenshot>resources/screenshot-01.jpg</screenshot>
      <screenshot>resources/screenshot-02.jpg</screenshot>
      <screenshot>resources/screenshot-03.jpg</screenshot>
    </assets>
    <summary lang="en_GB">Handheld Electronic (GW)</summary>
    <description lang="da_DK">GW er en Game &amp; Watch-simulator.</description>
    <description lang="de_DE">GW ist ein „Game &amp; Watch“-Simulator.</description>
    <description lang="en_GB">GW is a Game &amp; Watch simulator.</description>
    <description lang="es_ES">GW es un simulador de Game &amp; Watch.</description>
    <description lang="it_IT">GW è un simulatore di giochi e orologi.</description>
    <description lang="ko_KR">GW는 게임 &amp; 시계 시뮬레이터입니다.</description>
    <description lang="zh_CN">GW 是一款 Game &amp; Watch 模拟器。</description>
  </extension>
</addon>
