<?xml version="1.0" encoding="UTF-8"?>
<addon id="game.libretro.bsnes-hd" name="Nintendo - SNES / SFC (bsnes-hd beta)" version="10.6.0.2.1" provider-name="Near, DerKoun">
  <requires>
    <import addon="game.libretro" version="1.0.0"/>
  </requires>
  <extension point="kodi.gameclient" library_linux="game.libretro.bsnes-hd.so">
    <platforms/>
    <extensions>smc|sfc|gb|gbc|bs</extensions>
    <supports_vfs>false</supports_vfs>
    <supports_standalone>false</supports_standalone>
    <requires_opengl>false</requires_opengl>
  </extension>
  <extension point="xbmc.addon.metadata">
    <license>GPLv3</license>
    <platform/>
    <source>https://github.com/kodi-game/game.libretro.bsnes-hd</source>
    <summary lang="en_GB">Nintendo - SNES / SFC (bsnes-hd beta)</summary>
    <summary lang="es_ES">Nintendo - SNES / SFC (bsnes-hd beta)</summary>
    <description lang="en_GB">bsnes-hd is a fork of bsnes that adds HD video features.</description>
    <description lang="es_ES">bsnes-hd es un fork de bsnes que añade funcionalidades de video HD.</description>
    <disclaimer lang="en_GB">In loving memory of Near / Byuu</disclaimer>
    <disclaimer lang="es_ES">En cariñoso recuerdo de Near / Byuu</disclaimer>
  </extension>
</addon>
