<?xml version="1.0" encoding="UTF-8"?>
<buttonmap version="2">
  <controller id="game.controller.amstrad.joystick" type="RETRO_DEVICE_JOYPAD" subclass="1">
    <feature name="button1" mapto="RETRO_DEVICE_ID_JOYPAD_A"/>
    <feature name="button2" mapto="RETRO_DEVICE_ID_JOYPAD_X"/>
    <feature name="run" mapto="RETRO_DEVICE_ID_JOYPAD_B"/>
    <feature name="vkbdtoggle" mapto="RETRO_DEVICE_ID_JOYPAD_Y"/>
    <feature name="return" mapto="RETRO_DEVICE_ID_JOYPAD_START"/>
    <feature name="mousetoggle" mapto="RETRO_DEVICE_ID_JOYPAD_SELECT"/>
    <feature name="up" mapto="RETRO_DEVICE_ID_JOYPAD_UP"/>
    <feature name="right" mapto="RETRO_DEVICE_ID_JOYPAD_RIGHT"/>
    <feature name="down" mapto="RETRO_DEVICE_ID_JOYPAD_DOWN"/>
    <feature name="left" mapto="RETRO_DEVICE_ID_JOYPAD_LEFT"/>
    <feature name="cat" mapto="RETRO_DEVICE_ID_JOYPAD_R"/>
    <feature name="stat" mapto="RETRO_DEVICE_ID_JOYPAD_L"/>
    <feature name="reset" mapto="RETRO_DEVICE_ID_JOYPAD_R2"/>
    <feature name="tape" mapto="RETRO_DEVICE_ID_JOYPAD_L2"/>
  </controller>
  <controller id="game.controller.mouse" type="RETRO_DEVICE_MOUSE">
    <feature name="left" mapto="RETRO_DEVICE_ID_MOUSE_LEFT"/>
    <feature name="right" mapto="RETRO_DEVICE_ID_MOUSE_RIGHT"/>
    <feature name="pointer" mapto="RETRO_DEVICE_MOUSE"/>
  </controller>
  <controller id="game.controller.amstrad.keyboard" type="RETRO_DEVICE_KEYBOARD" subclass="0">
    <feature name="1" mapto="RETROK_1"/>
    <feature name="2" mapto="RETROK_2"/>
    <feature name="3" mapto="RETROK_3"/>
    <feature name="4" mapto="RETROK_4"/>
    <feature name="5" mapto="RETROK_5"/>
    <feature name="6" mapto="RETROK_6"/>
    <feature name="7" mapto="RETROK_7"/>
    <feature name="8" mapto="RETROK_8"/>
    <feature name="9" mapto="RETROK_9"/>
    <feature name="0" mapto="RETROK_0"/>
    <feature name="a" mapto="RETROK_a"/>
    <feature name="b" mapto="RETROK_b"/>
    <feature name="c" mapto="RETROK_c"/>
    <feature name="d" mapto="RETROK_d"/>
    <feature name="e" mapto="RETROK_e"/>
    <feature name="f" mapto="RETROK_f"/>
    <feature name="g" mapto="RETROK_g"/>
    <feature name="h" mapto="RETROK_h"/>
    <feature name="i" mapto="RETROK_i"/>
    <feature name="j" mapto="RETROK_j"/>
    <feature name="k" mapto="RETROK_k"/>
    <feature name="l" mapto="RETROK_l"/>
    <feature name="m" mapto="RETROK_m"/>
    <feature name="n" mapto="RETROK_n"/>
    <feature name="o" mapto="RETROK_o"/>
    <feature name="p" mapto="RETROK_p"/>
    <feature name="q" mapto="RETROK_q"/>
    <feature name="r" mapto="RETROK_r"/>
    <feature name="s" mapto="RETROK_s"/>
    <feature name="t" mapto="RETROK_t"/>
    <feature name="u" mapto="RETROK_u"/>
    <feature name="v" mapto="RETROK_v"/>
    <feature name="w" mapto="RETROK_w"/>
    <feature name="x" mapto="RETROK_x"/>
    <feature name="y" mapto="RETROK_y"/>
    <feature name="z" mapto="RETROK_z"/>
    <feature name="space" mapto="RETROK_SPACE"/>
    <feature name="comma" mapto="RETROK_COMMA"/>
    <feature name="period" mapto="RETROK_PERIOD"/>
    <feature name="semicolon" mapto="RETROK_SEMICOLON"/>
    <feature name="minus" mapto="RETROK_MINUS"/>
    <feature name="equals" mapto="RETROK_EQUALS"/>
    <feature name="at" mapto="RETROK_LEFTBRACKET"/>
    <feature name="openbracket" mapto="RETROK_RIGHTBRACKET"/>
    <feature name="tab" mapto="RETROK_TAB"/>
    <feature name="return" mapto="RETROK_RETURN"/>
    <feature name="backspace" mapto="RETROK_BACKSPACE"/>
    <feature name="esc" mapto="RETROK_ESCAPE"/>
    <feature name="up" mapto="RETROK_UP"/>
    <feature name="right" mapto="RETROK_RIGHT"/>
    <feature name="down" mapto="RETROK_DOWN"/>
    <feature name="left" mapto="RETROK_LEFT"/>
    <feature name="num0" mapto="RETROK_KP0"/>
    <feature name="num1" mapto="RETROK_KP1"/>
    <feature name="num2" mapto="RETROK_KP2"/>
    <feature name="num3" mapto="RETROK_KP3"/>
    <feature name="num4" mapto="RETROK_KP4"/>
    <feature name="num5" mapto="RETROK_KP5"/>
    <feature name="num6" mapto="RETROK_KP6"/>
    <feature name="num7" mapto="RETROK_KP7"/>
    <feature name="num8" mapto="RETROK_KP8"/>
    <feature name="num9" mapto="RETROK_KP9"/>
    <feature name="numperiod" mapto="RETROK_KP_PERIOD"/>
    <feature name="shift" mapto="RETROK_LSHIFT"/>
    <feature name="ctrl" mapto="RETROK_LCTRL"/>
    <feature name="capslock" mapto="RETROK_CAPSLOCK"/>
    <feature name="numenter" mapto="RETROK_KP_ENTER"/>
    <feature name="delete" mapto="RETROK_DELETE"/>
    <feature name="end" mapto="RETROK_END"/>
    <feature name="pageup" mapto="RETROK_PAGEUP"/>
    <feature name="pagedown" mapto="RETROK_PAGEDOWN"/>
    <feature name="ins" mapto="RETROK_INSERT"/>
    <feature name="home" mapto="RETROK_HOME"/>
    <feature name="copy" mapto="RETROK_LALT"/>
  </controller>
</buttonmap>
