<?xml version="1.0" encoding="UTF-8" standalone="yes"?>
<addon id="service.emby"
       name="Emby Server"
       version="20.4.0"
       provider-name="Team CoreELEC">
  <requires>
    <import addon="xbmc.python" version="3.0.0"/>

  </requires>
  <extension point="xbmc.service" library="default.py">
    <provides></provides>
  </extension>
  <extension point="xbmc.addon.metadata">
    <summary>Add-on removed</summary>
    <description>
Add-on removed
    </description>
    <disclaimer>

    </disclaimer>
    <broken>
Emby Server is no longer maintained and has been superseded by Emby Server 4
    </broken>
    <platform>all</platform>
    <news>

    </news>
    <assets>
      <icon>resources/icon.png</icon>
      <fanart>resources/fanart.png</fanart>

    </assets>
  </extension>
</addon>
