<?xml version="1.0" encoding="UTF-8"?>
<addon id="audiodecoder.dumb" version="20.2.1.6" name="DUMB Audio Decoder" provider-name="spiff">
  <requires>
    <import addon="kodi.binary.global.main" minversion="2.0.0" version="2.0.2"/>
    <import addon="kodi.binary.global.filesystem" minversion="1.1.7" version="1.1.8"/>
    <import addon="kodi.binary.instance.audiodecoder" minversion="4.0.0" version="4.0.0"/>
  </requires>
  <extension point="kodi.audiodecoder" name="dumb" library_linux="audiodecoder.dumb.so.20.2.1">
    <support>
      <extension name=".it">
        <description>30100</description>
      </extension>
      <extension name=".xm">
        <description>30101</description>
      </extension>
      <extension name=".s3m">
        <description>30102</description>
      </extension>
    </support>
  </extension>
  <extension point="xbmc.addon.metadata">
    <platform/>
    <license>GPL-2.0-or-later</license>
    <source>https://github.com/xbmc/audiodecoder.dumb</source>
    <assets>
      <icon>resources/icon.png</icon>
    </assets>
    <summary lang="da_DK">Dynamic Universal Music Bibliotheque (dynamisk universel musikbibliotek)</summary>
    <summary lang="de_DE">Dynamische universelle Musikbibliothek</summary>
    <summary lang="en_GB">Dynamic Universal Music Bibliotheque</summary>
    <summary lang="es_ES">Biblioteca Dinámica Universal de Música</summary>
    <summary lang="es_MX">Biblioteca de Música Universal Dinámica (Dynamic Music Universal Bibliotheque, N. del T.)</summary>
    <summary lang="id_ID">Bibliotheque Musik Universal Dinamis</summary>
    <summary lang="ko_KR">Dynamic Universal Music Bibliotheque</summary>
    <summary lang="pl_PL">Dynamic Universal Music Bibliotheque (DUMB)</summary>
    <summary lang="ru_RU">DUMB – Dynamic Universal Music Bibliotheque</summary>
    <summary lang="zh_CN">动态通用音乐库（Dynamic Universal Music Bibliotheque）</summary>
    <description lang="da_DK">DUMB er et bibliotek med lydgengivere. Den læser modulfiler og udsender lyd, der kan dumpes til det faktiske lydafspilningsbibliotek.[CR][CR]Kodi understøtter afspilning af følgende modulformater:[CR]- IT (Impulse Tracker)[CR]- XM (Fasttracker II)[CR]- S3M (Scream Tracker 3)</description>
    <description lang="de_DE">DUMB ist eine Modul-Audio-Renderer-Bibliothek. Es liest Moduldateien und gibt zugehörigen Audiostream aus, das in die eigentliche Audiowiedergabebibliothek kopiert werden kann.[CR][CR]An Kodi wird die Wiedergabe der folgenden Modulformate unterstützt:[CR]- IT (Impulse Tracker)[CR]- XM (Fasttracker II)[CR]- S3M (Scream Tracker 3)</description>
    <description lang="en_GB">DUMB is a module audio renderer library. It reads module files and outputs audio that can be dumped to the actual audio playback library.[CR][CR]On Kodi Supports playback of the following module formats:[CR]- IT (Impulse Tracker)[CR]- XM (Fasttracker II)[CR]- S3M (Scream Tracker 3)</description>
    <description lang="es_ES">DUMB es una libreria de procesamiento de módulos de audio. Lee archivos módulo y saca el audio que puede enviarse a la libreria de reproducción de audio actual.[CR][CR]En Kodi soporta la reproducción de los siguientes formatos de módulo:[CR]- IT (Impulse Tracker)[CR]- XM (Fasttracker II)[CR]- S3M (Scream Tracker 3)</description>
    <description lang="es_MX">DUMB es una librería de procesamiento de módulos de audio. Lee los archivos de módulo y extrae el audio que puede enviarse a la librería de reproducción de audio actual.[CR][CR]En Kodi soporta la reproducción de los siguientes formatos de módulo:[CR]- IT (Impulse Tracker)[CR]- XM (Fasttracker II)[CR]- S3M (Scream Tracker 3)</description>
    <description lang="id_ID">DUMB adalah pustaka penyaji audio modul. Itu membaca file modul dan mengeluarkan audio yang dapat dibuang ke perpustakaan pemutaran audio yang sebenarnya.[CR][CR]On Kodi Mendukung pemutaran format modul berikut:[CR]- IT (Impulse Tracker)[CR]- XM (Fasttracker II)[CR]- S3M (Pelacak Jeritan 3)</description>
    <description lang="ko_KR">DUMB는 모듈 오디오 렌더러 라이브러리입니다. 모듈 파일을 읽고 실제 오디오 재생 라이브러리에 덤프할 수 있는 오디오를 출력합니다.[CR][CR]Kodi에서 다음 모듈 형식의 재생을 지원합니다.[CR]- IT(Impulse Tracker)[CR]- XM(Fasttracker II)[CR]- S3M(Stream Tracker 3)</description>
    <description lang="pl_PL">DUMB to modułowa biblioteka renderująca dźwięk. Czyta pliki modułów i wysyła dźwięk, który można zrzucić do rzeczywistej biblioteki odtwarzania dźwięku.[CR][CR]W Kodi obsługuje odtwarzanie następujących formatów modułów:[CR]- IT (Impulse Tracker)[CR]- XM (Fasttracker II)[CR]- S3M (Scream Tracker 3)</description>
    <description lang="ru_RU">DUMB - это библиотека рендеринга звука модуля. Она читает файлы модулей и выводит аудио, которое может быть передано в библиотеку воспроизведения аудио.[CR][CR]Kodi поддерживает воспроизведение следующих форматов модулей:[CR]- IT (Impulse Tracker)[CR]- XM (Fasttracker II)[CR]- S3M (Scream Tracker 3)</description>
    <description lang="sk_SK">DUMB je knižnica modulov pre renderovanie zvuku. Číta súbory modulov a výstup zvuku, ktorý možno uložiť do aktuálnej knižnice prehrávania zvuku.[CR][CR]Na Kodi Podporuje prehrávanie nasledujúcich formátov modulov:[CR]- IT (Impulse Tracker)[CR]- XM (Fasttracker II)[CR]- S3M (Scream Tracker 3)</description>
    <description lang="zh_CN">DUMB 是一个模块音频渲染器库。它读取模块文件并输出可转储到实际音频播放库的音频。[CR][CR]在 Kodi 下支持以下模块格式的播放：[CR]- IT（Impulse Tracker）[CR]- XM（Fasttracker II）[CR]- S3M（Scream Tracker 3）</description>
    <disclaimer lang="da_DK">Det anbefales at bruge "OpenMPT Audio Decoder" i stedet for denne.</disclaimer>
    <disclaimer lang="de_DE">Es wird empfohlen, anstelle dieses Addons "OpenMPT Audio Decoder" zu verwenden.</disclaimer>
    <disclaimer lang="en_GB">It is recommended to use "OpenMPT Audio Decoder" addon instead of this one.</disclaimer>
    <disclaimer lang="es_ES">Se recomienda usar el addon "Decodificador de Audio OpenMPT" en lugar de este.</disclaimer>
    <disclaimer lang="es_MX">Se recomienda utilizar el complemento "Decodificador de audio OpenMPT" en lugar de este.</disclaimer>
    <disclaimer lang="id_ID">Disarankan untuk menggunakan addon "OpenMPT Audio Decoder" daripada yang ini.</disclaimer>
    <disclaimer lang="ko_KR">이 애드온 대신 "OpenMPT 오디오 디코더" 애드온을 사용하는 것이 좋습니다.</disclaimer>
    <disclaimer lang="pl_PL">Zaleca się użycie dodatku "Dekoder dźwięku OpenMPT" zamiast tego.</disclaimer>
    <disclaimer lang="ru_RU">Вместо него рекомендуется использовать дополнение "OpenMPT Audio Decoder".</disclaimer>
    <disclaimer lang="sk_SK">Namiesto tohto sa odporúča použiť doplnok "OpenMPT Audio Decoder".</disclaimer>
    <disclaimer lang="zh_CN">建议使用“OpenMPT 音频解码器”插件代替此插件。</disclaimer>
    <lifecyclestate type="deprecated" lang="da_DK">Erstattet af audiodecoder.openmpt addon! Dette addon er dog stadig brugbart.</lifecyclestate>
    <lifecyclestate type="deprecated" lang="de_DE">Ersetzt durch das Addon audiodecoder.openmpt! Aber hier auch noch verwendbar.</lifecyclestate>
    <lifecyclestate type="deprecated" lang="en_GB">Replaced by audiodecoder.openmpt addon! However, but still usable here.</lifecyclestate>
    <lifecyclestate type="deprecated" lang="es_ES">¡Reemplazado por el addon audiodecoder.openmpt! De todos modos, puede seguir usándose.</lifecyclestate>
    <lifecyclestate type="deprecated" lang="es_MX">¡Reemplazado por el complemento audiodecoder.openmpt! Sin embargo, aún puedes utilizarlo.</lifecyclestate>
    <lifecyclestate type="deprecated" lang="id_ID">Digantikan oleh audiodecoder.openmpt addon! Namun, tapi masih bisa digunakan di sini.</lifecyclestate>
    <lifecyclestate type="deprecated" lang="ko_KR">audiodecoder.openmpt 애드온으로 대체되었습니다! 하지만 아직 여기에서도 사용할 수 있습니다.</lifecyclestate>
    <lifecyclestate type="deprecated" lang="pl_PL">Zastąpiony przez dodatek audiodecoder.openmpt! Jednak nadal jest tutaj użyteczny.</lifecyclestate>
    <lifecyclestate type="deprecated" lang="ru_RU">Заменен дополнением audiodecoder.openmpt! Но его ещё можно использовать здесь.</lifecyclestate>
    <lifecyclestate type="deprecated" lang="sk_SK">Nahradené doplnkom audiodecoder.openmpt ! Tu však stále použiteľné.</lifecyclestate>
    <lifecyclestate type="deprecated" lang="zh_CN">替换为 audiodecoder.openmpt 插件！但是，在这里仍然可用。</lifecyclestate>
  </extension>
</addon>
