<?xml version="1.0" encoding="UTF-8"?>
<addon id="game.libretro.fmsx" name="Microsoft - MSX (fMSX)" version="6.0.0.39.1" provider-name="Marat Fayzullin">
  <requires>
    <import addon="game.libretro" version="1.0.0"/>
    <import addon="game.controller.msx.keyboard" version="1.0.0"/>
    <import addon="game.controller.msx.joystick" version="1.0.0"/>
  </requires>
  <extension point="kodi.gameclient" library_linux="game.libretro.fmsx.so">
    <platforms>MSX</platforms>
    <extensions>rom|mx1|mx2|dsk|fdi|cas|m3u</extensions>
    <supports_vfs>false</supports_vfs>
    <supports_standalone>true</supports_standalone>
    <requires_opengl>false</requires_opengl>
  </extension>
  <extension point="xbmc.addon.metadata">
    <license>Non-commercial</license>
    <platform/>
    <source>https://github.com/kodi-game/game.libretro.fmsx</source>
    <assets>
      <icon>resources/icon.png</icon>
    </assets>
    <summary lang="da_DK">Microsoft - MSX (fMSX)</summary>
    <summary lang="en_GB">Microsoft - MSX (fMSX)</summary>
    <summary lang="es_ES">Microsoft - MSX (fMSX)</summary>
    <summary lang="zh_CN">Microsoft - MSX (fMSX)</summary>
    <description lang="da_DK">fMSX er en MSX-emulator skrevet af Marat Fayzullin. Den emulerer MSX, MSX2 og MSX2+ 8-bit hjemmecomputere.</description>
    <description lang="de_DE">fMSX ist ein von Marat Fayzullin geschriebener MSX-Emulator. Er emuliert MSX, MSX2 und MSX2+ 8-Bit-Heimcomputer.</description>
    <description lang="en_GB">fMSX is a MSX emulator written by Marat Fayzullin. It emulates MSX, MSX2, and MSX2+ 8-bit home computers.</description>
    <description lang="es_ES">fMSX es un emulador de MSX escrito por Marat Fayzullin. Emula ordenadores domésticos de 8 bits MSX, MSX2 y MSX2+.</description>
    <description lang="zh_CN">fMSX 是由 Marat Fayzullin 编写的 MSX 模拟器。它模拟 MSX、MSX2 和 MSX2+ 8位家用计算机。</description>
    <disclaimer lang="da_DK">Billedkreditering: Garage Research Emulators</disclaimer>
    <disclaimer lang="de_DE">Bildnachweis: Garage Research Emulators</disclaimer>
    <disclaimer lang="en_GB">Image credit: Garage Research Emulators</disclaimer>
    <disclaimer lang="es_ES">Créditos de la imagen: Garage Research Emulators</disclaimer>
    <disclaimer lang="zh_CN">图片来源：Garage Research 模拟器</disclaimer>
  </extension>
</addon>
