<?xml version="1.0" encoding="UTF-8" standalone="yes"?>
<addon id="service.librespot"
       name="Librespot"
       version="21.0.1"
       provider-name="Anton Voyl (awiouy)">
  <requires>
    <import addon="xbmc.python" version="3.0.0"/>

  </requires>
  <extension point="xbmc.service" library="default.py">
    <provides></provides>
  </extension>
  <extension point="xbmc.addon.metadata">
    <summary>Librespot: play Spotify through Kodi using a Spotify app as a remote</summary>
    <description>
Librespot (2023-04-16) lets you play Spotify through Kodi using a Spotify app as a remote.
    </description>
    <disclaimer>

    </disclaimer>
    <platform>all</platform>
    <news>
initial release
    </news>
    <assets>
      <icon>resources/icon.png</icon>
      <fanart>resources/fanart.png</fanart>

    </assets>
  </extension>
</addon>
