<?xml version="1.0" encoding="UTF-8" standalone="yes"?>
<addon id="service.snapserver"
       name="Snapserver"
       version="20.5.2"
       provider-name="Anton Voyl (awiouy)">
  <requires>
    <import addon="xbmc.python" version="3.0.0"/>

    <import addon="service.librespot" version="0.0.0" />
  </requires>
  <extension point="xbmc.service" library="default.py">
    <provides></provides>
  </extension>
  <extension point="xbmc.addon.metadata">
    <summary>Snapserver: Synchronous multi-room audio server</summary>
    <description>
Snapclient (0.27.0) is a Snapcast server. Snapcast is a multi-room client-server audio system, where all clients are time synchronized with the server to play perfectly synced audioplays.
    </description>
    <disclaimer>

    </disclaimer>
    <platform>all</platform>
    <news>
2
- asio: update to 1.28.0
- nqptp: update to 1.2.1
- shairport-sync: update to 4.2

1
- asio: update to 1.27.0
- snapcast: update to 0.27.0
    </news>
    <assets>
      <icon>resources/icon.png</icon>
      <fanart>resources/fanart.png</fanart>

    </assets>
  </extension>
</addon>
